{"pageProps":{"service":{"id":2,"name":"Désinsectisation","landing":{"blocs":[{"tag":"h1","content":"Désinsectisation professionnelle en Île-de-France"},{"tag":"p","content":"Vous habitez en Île-de-France et vous avez un problème d'infestation de nuisibles ? Nous sommes là pour vous aider !<br><br>Notre entreprise de désinsectisation est spécialisée dans la lutte contre les nuisibles tels que les cafards, les moustiques, les fourmis, les punaises de lit et bien d'autres encore. Nous proposons des services de qualité professionnelle pour éliminer ces nuisibles de votre maison ou de votre entreprise.<br><br>Nous sommes une entreprise spécialisée en désinsectisation et nous utilisons des produits et des méthodes de traitement qui sont sûrs et efficaces. Nous sommes également formés pour gérer tous les types d'infestations de nuisibles, quelle que soit leur taille ou leur gravité.<br><br>N'hésitez pas à nous contacter pour plus d'informations ou pour demander un devis gratuit. Nous sommes impatients de vous aider à éliminer les nuisibles de votre vie !"},{"tag":"h2","content":"Pourquoi choisir notre entreprise de désinsectisation en Île-de-France ?"},{"tag":"ul","content":["Nous sommes une entreprise professionnelle et expérimentée dans la lutte contre les nuisibles en Île-de-France.","Nous utilisons des produits et des méthodes de traitement sûrs et efficaces.","Nous sommes formés pour gérer tous les types d'infestations de nuisibles, quelle que soit leur taille ou leur gravité.","Nous offrons un service rapide et efficace pour éliminer les nuisibles de votre maison ou de votre entreprise.","Nous proposons des tarifs compétitifs et transparents."]},{"tag":"h2","content":"Comment nous contacter ?"},{"tag":"p","content":"Vous pouvez nous contacter par téléphone au 01 02 03 04 05 ou en remplissant notre formulaire de contact en ligne. Nous nous ferons un plaisir de répondre à toutes vos questions et de vous aider à résoudre votre problème d'infestation de nuisibles en Île-de-France.<br><br>N'hésitez pas à nous contacter dès maintenant pour en savoir plus sur nos services de désinsectisation et demander un devis gratuit. Nous sommes impatients de vous aider à éliminer les nuisibles de votre vie !"}]},"description":"On trouve les insectes, on les retire et vous retrouvez votre vie normale","paragraph":["Vous êtes victime d'une infestation de nuisibles, tels que des moustiques, des punaises de lit, des cafards, etc.? Ne laissez pas ces insectes envahir votre maison ou votre entreprise et mettre votre santé en danger. Faites appel à notre service de désinsectisation professionnelle pour éliminer ces nuisibles de manière définitive. Notre équipe d'experts utilise des méthodes efficaces et respectueuses de l'environnement pour garantir un résultat durable. Contactez-nous dès maintenant pour obtenir un devis gratuit et débarrassez-vous enfin de ces nuisibles.","Vous avez repéré des signes de présence de nuisibles dans votre maison ou votre entreprise? Ne prenez pas de risques, contactez-nous dès maintenant pour une intervention de désinsectisation professionnelle. Nous utilisons des méthodes efficaces et respectueuses de l'environnement pour éliminer ces nuisibles de manière définitive et protéger votre propriété contre les dommages qu'ils peuvent causer. Nous vous proposons un devis gratuit afin que vous puissiez prendre une décision éclairée. Faites appel à notre service de désinsectisation professionnelle pour protéger votre santé et celle de votre famille.","Les nuisibles peuvent causer de graves problèmes de santé et de nombreux dommages matériels à votre propriété. Ne prenez pas de risques, contactez-nous dès maintenant pour une intervention de désinsectisation professionnelle. Notre équipe d'experts utilise des méthodes efficaces et respectueuses de l'environnement pour éliminer ces nuisibles de manière définitive. Nous mettons à votre disposition tous les moyens nécessaires pour garantir un résultat durable. Contactez-nous dès maintenant pour obtenir un devis gratuit et débarrassez-vous enfin de ces nuisibles.","La présence de nuisibles peut causer de nombreux problèmes dans votre maison ou votre entreprise. N'attendez pas pour agir, contactez-nous dès maintenant pour une intervention de désinsectisation professionnelle. Nous utilisons des méthodes efficaces et respectueuses de l'environnement pour éliminer ces nuisibles de manière définitive. N'hésitez pas à nous contacter pour obtenir un devis gratuit et débarrassez-vous enfin de ces nuisibles."],"slug":"desinsectisation"},"department":{"name":"Yvelines","slug":"yvelines","region_code":"11","code":"78","cities":[{"id":31149,"name":"Ablis","slug":"ablis","department_code":"78","zip_code":"78660","gps_lat":48.53102966386555,"gps_lng":1.8459192436974798},{"id":31150,"name":"Achères","slug":"acheres","department_code":"78","zip_code":"78260","gps_lat":48.97537833333333,"gps_lng":2.10607558823529},{"id":31151,"name":"Adainville","slug":"adainville","department_code":"78","zip_code":"78113","gps_lat":48.72317568181816,"gps_lng":1.66216920454545},{"id":31152,"name":"Aigremont","slug":"aigremont","department_code":"78","zip_code":"78240","gps_lat":48.90039698113208,"gps_lng":2.01630169811321},{"id":31153,"name":"Allainville","slug":"allainville","department_code":"78","zip_code":"78660","gps_lat":48.46851605769229,"gps_lng":1.9053972115384599},{"id":31154,"name":"Les Alluets-le-Roi","slug":"les-alluets-le-roi","department_code":"78","zip_code":"78580","gps_lat":48.914386122449,"gps_lng":1.91531224489796},{"id":31155,"name":"Andelu","slug":"andelu","department_code":"78","zip_code":"78770","gps_lat":48.8854828125,"gps_lng":1.8155593749999999},{"id":31156,"name":"Andrésy","slug":"andresy","department_code":"78","zip_code":"78570","gps_lat":48.98097977777778,"gps_lng":2.05125222222222},{"id":31157,"name":"Arnouville-lès-Mantes","slug":"arnouville-les-mantes","department_code":"78","zip_code":"78790","gps_lat":48.90962357894735,"gps_lng":1.72124610526316},{"id":31158,"name":"Aubergenville","slug":"aubergenville","department_code":"78","zip_code":"78410","gps_lat":48.96151640350877,"gps_lng":1.84637719298246},{"id":31159,"name":"Auffargis","slug":"auffargis","department_code":"78","zip_code":"78610","gps_lat":48.68418320388351,"gps_lng":1.90534631067961},{"id":31160,"name":"Auffreville-Brasseuil","slug":"auffreville-brasseuil","department_code":"78","zip_code":"78930","gps_lat":48.95593285714286,"gps_lng":1.70753071428571},{"id":31161,"name":"Aulnay-sur-Mauldre","slug":"aulnay-sur-mauldre","department_code":"78","zip_code":"78126","gps_lat":48.93021265625,"gps_lng":1.84104421875},{"id":31162,"name":"Auteuil","slug":"auteuil","department_code":"78","zip_code":"78770","gps_lat":48.84443754716982,"gps_lng":1.81982396226415},{"id":31163,"name":"Autouillet","slug":"autouillet","department_code":"78","zip_code":"78770","gps_lat":48.84625687499999,"gps_lng":1.7972299999999999},{"id":31164,"name":"Bailly","slug":"bailly","department_code":"78","zip_code":"78870","gps_lat":48.83534967741934,"gps_lng":2.0763285483871},{"id":31165,"name":"Bazainville","slug":"bazainville","department_code":"78","zip_code":"78550","gps_lat":48.80939741666666,"gps_lng":1.66454975},{"id":31166,"name":"Bazemont","slug":"bazemont","department_code":"78","zip_code":"78580","gps_lat":48.92963633802816,"gps_lng":1.87371563380282},{"id":31167,"name":"Bazoches-sur-Guyonne","slug":"bazoches-sur-guyonne","department_code":"78","zip_code":"78490","gps_lat":48.77511739726027,"gps_lng":1.85570616438356},{"id":31168,"name":"Béhoust","slug":"behoust","department_code":"78","zip_code":"78910","gps_lat":48.83236173913043,"gps_lng":1.7225734782608702},{"id":31169,"name":"Bennecourt","slug":"bennecourt","department_code":"78","zip_code":"78270","gps_lat":49.04572369863013,"gps_lng":1.56485452054794},{"id":31170,"name":"Beynes","slug":"beynes","department_code":"78","zip_code":"78650","gps_lat":48.85749779527562,"gps_lng":1.87285645669291},{"id":31171,"name":"Blaru","slug":"blaru","department_code":"78","zip_code":"78270","gps_lat":49.04323774193549,"gps_lng":1.48095408602151},{"id":31172,"name":"Boinville-en-Mantois","slug":"boinville-en-mantois","department_code":"78","zip_code":"78930","gps_lat":48.93064932432433,"gps_lng":1.75341540540541},{"id":31173,"name":"Boinville-le-Gaillard","slug":"boinville-le-gaillard","department_code":"78","zip_code":"78660","gps_lat":48.49358450980393,"gps_lng":1.8783958823529399},{"id":31174,"name":"Boinvilliers","slug":"boinvilliers","department_code":"78","zip_code":"78200","gps_lat":48.9197220338983,"gps_lng":1.66379220338983},{"id":31175,"name":"Bois-d'Arcy","slug":"bois-d-arcy","department_code":"78","zip_code":"78390","gps_lat":48.80682482758619,"gps_lng":2.02647379310345},{"id":31176,"name":"Boissets","slug":"boissets","department_code":"78","zip_code":"78910","gps_lat":48.85886638297873,"gps_lng":1.58791531914894},{"id":31177,"name":"La Boissière-École","slug":"la-boissiere-ecole","department_code":"78","zip_code":"78125","gps_lat":48.68812737704917,"gps_lng":1.65827286885246},{"id":31178,"name":"Boissy-Mauvoisin","slug":"boissy-mauvoisin","department_code":"78","zip_code":"78200","gps_lat":48.9684229032258,"gps_lng":1.58782822580645},{"id":31179,"name":"Boissy-sans-Avoir","slug":"boissy-sans-avoir","department_code":"78","zip_code":"78490","gps_lat":48.81807161290321,"gps_lng":1.7975675806451599},{"id":31180,"name":"Bonnelles","slug":"bonnelles","department_code":"78","zip_code":"78830","gps_lat":48.62017165217392,"gps_lng":2.03204226086956},{"id":31181,"name":"Bonnières-sur-Seine","slug":"bonnieres-sur-seine","department_code":"78","zip_code":"78270","gps_lat":49.01592028301886,"gps_lng":1.56812405660377},{"id":31182,"name":"Bouafle","slug":"bouafle","department_code":"78","zip_code":"78410","gps_lat":48.96212012195122,"gps_lng":1.8998132926829299},{"id":31183,"name":"Bougival","slug":"bougival","department_code":"78","zip_code":"78380","gps_lat":48.86360732394365,"gps_lng":2.13832873239437},{"id":31184,"name":"Bourdonné","slug":"bourdonne","department_code":"78","zip_code":"78113","gps_lat":48.75542212962964,"gps_lng":1.64634342592593},{"id":31185,"name":"Breuil-Bois-Robert","slug":"breuil-bois-robert","department_code":"78","zip_code":"78930","gps_lat":48.94643243589746,"gps_lng":1.71439025641026},{"id":31186,"name":"Bréval","slug":"breval","department_code":"78","zip_code":"78980","gps_lat":48.95612835051545,"gps_lng":1.54568},{"id":31187,"name":"Les Bréviaires","slug":"les-breviaires","department_code":"78","zip_code":"78610","gps_lat":48.72532218390804,"gps_lng":1.82282367816092},{"id":31188,"name":"Brueil-en-Vexin","slug":"brueil-en-vexin","department_code":"78","zip_code":"78440","gps_lat":49.02668485294119,"gps_lng":1.81313294117647},{"id":31189,"name":"Buc","slug":"buc","department_code":"78","zip_code":"78530","gps_lat":48.77262500000002,"gps_lng":2.12520964285714},{"id":31190,"name":"Buchelay","slug":"buchelay","department_code":"78","zip_code":"78200","gps_lat":48.98204907407407,"gps_lng":1.6776887037037},{"id":31191,"name":"Bullion","slug":"bullion","department_code":"78","zip_code":"78830","gps_lat":48.61925054054056,"gps_lng":1.9810979729729699},{"id":31192,"name":"Carrières-sous-Poissy","slug":"carrieres-sous-poissy","department_code":"78","zip_code":"78955","gps_lat":48.94895534883721,"gps_lng":2.03165093023256},{"id":31193,"name":"Carrières-sur-Seine","slug":"carrieres-sur-seine","department_code":"78","zip_code":"78420","gps_lat":48.91427512820511,"gps_lng":2.17693897435897},{"id":31194,"name":"La Celle-les-Bordes","slug":"la-celle-les-bordes","department_code":"78","zip_code":"78720","gps_lat":48.64564244094491,"gps_lng":1.94944409448819},{"id":31195,"name":"La Celle-Saint-Cloud","slug":"la-celle-saint-cloud","department_code":"78","zip_code":"78170","gps_lat":48.85133409638556,"gps_lng":2.13845530120482},{"id":31196,"name":"Cernay-la-Ville","slug":"cernay-la-ville","department_code":"78","zip_code":"78720","gps_lat":48.67004935483871,"gps_lng":1.95853717741935},{"id":31197,"name":"Chambourcy","slug":"chambourcy","department_code":"78","zip_code":"78240","gps_lat":48.89950533333334,"gps_lng":2.0307755},{"id":31198,"name":"Chanteloup-les-Vignes","slug":"chanteloup-les-vignes","department_code":"78","zip_code":"78570","gps_lat":48.97539742424243,"gps_lng":2.03103651515152},{"id":31199,"name":"Chapet","slug":"chapet","department_code":"78","zip_code":"78130","gps_lat":48.96728125000001,"gps_lng":1.9380875},{"id":31200,"name":"Châteaufort","slug":"chateaufort","department_code":"78","zip_code":"78117","gps_lat":48.73704383177572,"gps_lng":2.09546504672897},{"id":31201,"name":"Chatou","slug":"chatou","department_code":"78","zip_code":"78400","gps_lat":48.89936254545453,"gps_lng":2.151834},{"id":31202,"name":"Chaufour-lès-Bonnières","slug":"chaufour-les-bonnieres","department_code":"78","zip_code":"78270","gps_lat":49.01800935483871,"gps_lng":1.48395838709677},{"id":31203,"name":"Chavenay","slug":"chavenay","department_code":"78","zip_code":"78450","gps_lat":48.85058855421686,"gps_lng":1.98195313253012},{"id":31204,"name":"Le Chesnay","slug":"le-chesnay","department_code":"78","zip_code":"78150","gps_lat":48.82665027027026,"gps_lng":2.1277027027027},{"id":31205,"name":"Chevreuse","slug":"chevreuse","department_code":"78","zip_code":"78460","gps_lat":48.70825169811322,"gps_lng":2.03938339622642},{"id":31206,"name":"Choisel","slug":"choisel","department_code":"78","zip_code":"78460","gps_lat":48.67699999999999,"gps_lng":2.01650947368421},{"id":31207,"name":"Civry-la-Forêt","slug":"civry-la-foret","department_code":"78","zip_code":"78910","gps_lat":48.86516456521741,"gps_lng":1.61802695652174},{"id":31208,"name":"Clairefontaine-en-Yvelines","slug":"clairefontaine-en-yvelines","department_code":"78","zip_code":"78120","gps_lat":48.61744626262627,"gps_lng":1.9044953535353502},{"id":31209,"name":"Les Clayes-sous-Bois","slug":"les-clayes-sous-bois","department_code":"78","zip_code":"78340","gps_lat":48.81602072727274,"gps_lng":1.9830945454545401},{"id":31210,"name":"Coignières","slug":"coignieres","department_code":"78","zip_code":"78310","gps_lat":48.74980257425745,"gps_lng":1.91355198019802},{"id":31211,"name":"Condé-sur-Vesgre","slug":"conde-sur-vesgre","department_code":"78","zip_code":"78113","gps_lat":48.73366542635657,"gps_lng":1.6590348837209299},{"id":31212,"name":"Conflans-Sainte-Honorine","slug":"conflans-sainte-honorine","department_code":"78","zip_code":"78700","gps_lat":48.99711067796609,"gps_lng":2.09557220338983},{"id":31213,"name":"Courgent","slug":"courgent","department_code":"78","zip_code":"78790","gps_lat":48.896415,"gps_lng":1.65861651515151},{"id":31214,"name":"Cravent","slug":"cravent","department_code":"78","zip_code":"78270","gps_lat":48.99012134328356,"gps_lng":1.48526910447761},{"id":31215,"name":"Crespières","slug":"crespieres","department_code":"78","zip_code":"78121","gps_lat":48.88142445783134,"gps_lng":1.91622891566265},{"id":31216,"name":"Croissy-sur-Seine","slug":"croissy-sur-seine","department_code":"78","zip_code":"78290","gps_lat":48.87691360000001,"gps_lng":2.1343324},{"id":31217,"name":"Dammartin-en-Serve","slug":"dammartin-en-serve","department_code":"78","zip_code":"78111","gps_lat":48.90556128000001,"gps_lng":1.6151472},{"id":31218,"name":"Dampierre-en-Yvelines","slug":"dampierre-en-yvelines","department_code":"78","zip_code":"78720","gps_lat":48.70825963302752,"gps_lng":1.97073623853211},{"id":31219,"name":"Dannemarie","slug":"dannemarie","department_code":"78","zip_code":"78550","gps_lat":48.76331099999999,"gps_lng":1.608808},{"id":31220,"name":"Davron","slug":"davron","department_code":"78","zip_code":"78810","gps_lat":48.86726634615383,"gps_lng":1.95078346153846},{"id":31221,"name":"Drocourt","slug":"drocourt","department_code":"78","zip_code":"78440","gps_lat":49.0549848076923,"gps_lng":1.7714465384615399},{"id":31222,"name":"Ecquevilly","slug":"ecquevilly","department_code":"78","zip_code":"78920","gps_lat":48.95149329545455,"gps_lng":1.92253670454545},{"id":31223,"name":"Élancourt","slug":"elancourt","department_code":"78","zip_code":"78990","gps_lat":48.777505546875,"gps_lng":1.9579941406249999},{"id":31224,"name":"Émancé","slug":"emance","department_code":"78","zip_code":"78125","gps_lat":48.59604944444446,"gps_lng":1.73450416666667},{"id":31225,"name":"Épône","slug":"epone","department_code":"78","zip_code":"78680","gps_lat":48.95117504000005,"gps_lng":1.81821576},{"id":31226,"name":"Les Essarts-le-Roi","slug":"les-essarts-le-roi","department_code":"78","zip_code":"78690","gps_lat":48.71512533333335,"gps_lng":1.90958458333333},{"id":31227,"name":"L'Étang-la-Ville","slug":"l-etang-la-ville","department_code":"78","zip_code":"78620","gps_lat":48.86905903846154,"gps_lng":2.06918865384615},{"id":31228,"name":"Évecquemont","slug":"evecquemont","department_code":"78","zip_code":"78740","gps_lat":49.01697984848486,"gps_lng":1.94268939393939},{"id":31229,"name":"La Falaise","slug":"la-falaise","department_code":"78","zip_code":"78410","gps_lat":48.94079833333335,"gps_lng":1.82647217948718},{"id":31230,"name":"Favrieux","slug":"favrieux","department_code":"78","zip_code":"78200","gps_lat":48.94501339285715,"gps_lng":1.63928285714286},{"id":31231,"name":"Feucherolles","slug":"feucherolles","department_code":"78","zip_code":"78810","gps_lat":48.87694920000001,"gps_lng":1.9736439},{"id":31232,"name":"Flacourt","slug":"flacourt","department_code":"78","zip_code":"78200","gps_lat":48.93285310344829,"gps_lng":1.64606931034483},{"id":31233,"name":"Flexanville","slug":"flexanville","department_code":"78","zip_code":"78910","gps_lat":48.85613739999999,"gps_lng":1.7419312},{"id":31234,"name":"Flins-Neuve-Église","slug":"flins-neuve-eglise","department_code":"78","zip_code":"78790","gps_lat":48.891586875,"gps_lng":1.576748125},{"id":31235,"name":"Flins-sur-Seine","slug":"flins-sur-seine","department_code":"78","zip_code":"78410","gps_lat":48.96418492753624,"gps_lng":1.8731428985507201},{"id":31236,"name":"Follainville-Dennemont","slug":"follainville-dennemont","department_code":"78","zip_code":"78520","gps_lat":49.02432831168831,"gps_lng":1.70583987012987},{"id":31237,"name":"Fontenay-le-Fleury","slug":"fontenay-le-fleury","department_code":"78","zip_code":"78330","gps_lat":48.81469124999999,"gps_lng":2.04500546875},{"id":31238,"name":"Fontenay-Mauvoisin","slug":"fontenay-mauvoisin","department_code":"78","zip_code":"78200","gps_lat":48.95948735294117,"gps_lng":1.6462517647058799},{"id":31239,"name":"Fontenay-Saint-Père","slug":"fontenay-saint-pere","department_code":"78","zip_code":"78440","gps_lat":49.03098122807018,"gps_lng":1.7576949122807},{"id":31240,"name":"Fourqueux","slug":"fourqueux","department_code":"78","zip_code":"78112","gps_lat":48.8888905882353,"gps_lng":2.060575},{"id":31241,"name":"Freneuse","slug":"freneuse","department_code":"78","zip_code":"78840","gps_lat":49.04222262295082,"gps_lng":1.60528475409836},{"id":31242,"name":"Gaillon-sur-Montcient","slug":"gaillon-sur-montcient","department_code":"78","zip_code":"78250","gps_lat":49.02569372093024,"gps_lng":1.89822186046512},{"id":31243,"name":"Galluis","slug":"galluis","department_code":"78","zip_code":"78490","gps_lat":48.80156513513514,"gps_lng":1.79058783783784},{"id":31244,"name":"Gambais","slug":"gambais","department_code":"78","zip_code":"78950","gps_lat":48.77812680851063,"gps_lng":1.6657446808510699},{"id":31245,"name":"Gambaiseuil","slug":"gambaiseuil","department_code":"78","zip_code":"78490","gps_lat":48.75941283783784,"gps_lng":1.7156624324324299},{"id":31246,"name":"Garancières","slug":"garancieres","department_code":"78","zip_code":"78890","gps_lat":48.82148590361446,"gps_lng":1.75790614457831},{"id":31247,"name":"Gargenville","slug":"gargenville","department_code":"78","zip_code":"78440","gps_lat":48.99215390625002,"gps_lng":1.811825625},{"id":31248,"name":"Gazeran","slug":"gazeran","department_code":"78","zip_code":"78125","gps_lat":48.63384972972974,"gps_lng":1.78262189189189},{"id":31249,"name":"Gommecourt","slug":"gommecourt","department_code":"78","zip_code":"78270","gps_lat":49.07336154929578,"gps_lng":1.59365394366197},{"id":31250,"name":"Goupillières","slug":"goupillieres","department_code":"78","zip_code":"78770","gps_lat":48.87980956521739,"gps_lng":1.7639397826087},{"id":31251,"name":"Goussonville","slug":"goussonville","department_code":"78","zip_code":"78930","gps_lat":48.92730089552238,"gps_lng":1.76879402985075},{"id":31252,"name":"Grandchamp","slug":"grandchamp","department_code":"78","zip_code":"78113","gps_lat":48.72103369565216,"gps_lng":1.61726347826087},{"id":31253,"name":"Gressey","slug":"gressey","department_code":"78","zip_code":"78550","gps_lat":48.83353150000001,"gps_lng":1.6045075},{"id":31254,"name":"Grosrouvre","slug":"grosrouvre","department_code":"78","zip_code":"78490","gps_lat":48.77858276595745,"gps_lng":1.76011957446809},{"id":31255,"name":"Guernes","slug":"guernes","department_code":"78","zip_code":"78520","gps_lat":49.01817158730161,"gps_lng":1.6440693650793698},{"id":31256,"name":"Guerville","slug":"guerville","department_code":"78","zip_code":"78930","gps_lat":48.95267485714285,"gps_lng":1.74102847619048},{"id":31257,"name":"Guitrancourt","slug":"guitrancourt","department_code":"78","zip_code":"78440","gps_lat":49.00657319444444,"gps_lng":1.7772937500000001},{"id":31258,"name":"Guyancourt","slug":"guyancourt","department_code":"78","zip_code":"78280","gps_lat":48.77312885714286,"gps_lng":2.073257},{"id":31259,"name":"Hardricourt","slug":"hardricourt","department_code":"78","zip_code":"78250","gps_lat":49.01082596491229,"gps_lng":1.88580263157895},{"id":31260,"name":"Hargeville","slug":"hargeville","department_code":"78","zip_code":"78790","gps_lat":48.89752885245901,"gps_lng":1.74421508196721},{"id":31261,"name":"La Hauteville","slug":"la-hauteville","department_code":"78","zip_code":"78113","gps_lat":48.70472538461537,"gps_lng":1.62646415384615},{"id":31262,"name":"Herbeville","slug":"herbeville","department_code":"78","zip_code":"78580","gps_lat":48.90436068181819,"gps_lng":1.88640284090909},{"id":31263,"name":"Hermeray","slug":"hermeray","department_code":"78","zip_code":"78125","gps_lat":48.65057765432098,"gps_lng":1.6910013580246899},{"id":31264,"name":"Houdan","slug":"houdan","department_code":"78","zip_code":"78550","gps_lat":48.79496272727273,"gps_lng":1.59634966942149},{"id":31265,"name":"Houilles","slug":"houilles","department_code":"78","zip_code":"78800","gps_lat":48.92719976744184,"gps_lng":2.18887093023256},{"id":31266,"name":"Issou","slug":"issou","department_code":"78","zip_code":"78440","gps_lat":48.98897354166666,"gps_lng":1.78805375},{"id":31267,"name":"Jambville","slug":"jambville","department_code":"78","zip_code":"78440","gps_lat":49.04953962962962,"gps_lng":1.84678611111111},{"id":31268,"name":"Jeufosse","slug":"jeufosse","department_code":"78","zip_code":"78270","gps_lat":49.03435339622639,"gps_lng":1.54153679245283},{"id":31269,"name":"Jouars-Pontchartrain","slug":"jouars-pontchartrain","department_code":"78","zip_code":"78760","gps_lat":48.78366088709677,"gps_lng":1.90723064516129},{"id":31270,"name":"Jouy-en-Josas","slug":"jouy-en-josas","department_code":"78","zip_code":"78350","gps_lat":48.76179838095238,"gps_lng":2.1593854285714302},{"id":31271,"name":"Jouy-Mauvoisin","slug":"jouy-mauvoisin","department_code":"78","zip_code":"78200","gps_lat":48.97382079999999,"gps_lng":1.6443308},{"id":31272,"name":"Jumeauville","slug":"jumeauville","department_code":"78","zip_code":"78580","gps_lat":48.90910871794871,"gps_lng":1.78599333333333},{"id":31273,"name":"Juziers","slug":"juziers","department_code":"78","zip_code":"78820","gps_lat":49.00257737499999,"gps_lng":1.843741125},{"id":31274,"name":"Lainville-en-Vexin","slug":"lainville-en-vexin","department_code":"78","zip_code":"78440","gps_lat":49.06066703125,"gps_lng":1.81579828125},{"id":31275,"name":"Lévis-Saint-Nom","slug":"levis-saint-nom","department_code":"78","zip_code":"78320","gps_lat":48.72628972972972,"gps_lng":1.9363236036036},{"id":31276,"name":"Limay","slug":"limay","department_code":"78","zip_code":"78520","gps_lat":48.994115,"gps_lng":1.73970984375},{"id":31277,"name":"Limetz-Villez","slug":"limetz-villez","department_code":"78","zip_code":"78270","gps_lat":49.0655629032258,"gps_lng":1.5486976344086},{"id":31278,"name":"Les Loges-en-Josas","slug":"les-loges-en-josas","department_code":"78","zip_code":"78350","gps_lat":48.7621093478261,"gps_lng":2.14076217391304},{"id":31279,"name":"Lommoye","slug":"lommoye","department_code":"78","zip_code":"78270","gps_lat":48.9970414423077,"gps_lng":1.5220207692307701},{"id":31280,"name":"Longnes","slug":"longnes","department_code":"78","zip_code":"78980","gps_lat":48.92017582417582,"gps_lng":1.57540010989011},{"id":31281,"name":"Longvilliers","slug":"longvilliers","department_code":"78","zip_code":"78730","gps_lat":48.57869471830982,"gps_lng":2.00262190140845},{"id":31282,"name":"Louveciennes","slug":"louveciennes","department_code":"78","zip_code":"78430","gps_lat":48.86115724637681,"gps_lng":2.11558666666667},{"id":31283,"name":"Magnanville","slug":"magnanville","department_code":"78","zip_code":"78200","gps_lat":48.96897489795919,"gps_lng":1.6850206122448999},{"id":31284,"name":"Magny-les-Hameaux","slug":"magny-les-hameaux","department_code":"78","zip_code":"78114","gps_lat":48.73847076470589,"gps_lng":2.05758888235294},{"id":31285,"name":"Maisons-Laffitte","slug":"maisons-laffitte","department_code":"78","zip_code":"78600","gps_lat":48.95218069767444,"gps_lng":2.14459418604651},{"id":31286,"name":"Mantes-la-Jolie","slug":"mantes-la-jolie","department_code":"78","zip_code":"78200","gps_lat":48.99444294117646,"gps_lng":1.70188745098039},{"id":31287,"name":"Mantes-la-Ville","slug":"mantes-la-ville","department_code":"78","zip_code":"78711","gps_lat":48.97293831460672,"gps_lng":1.71209011235955},{"id":31288,"name":"Marcq","slug":"marcq","department_code":"78","zip_code":"78770","gps_lat":48.8625079661017,"gps_lng":1.82357406779661},{"id":31289,"name":"Mareil-le-Guyon","slug":"mareil-le-guyon","department_code":"78","zip_code":"78490","gps_lat":48.79238745098039,"gps_lng":1.85368333333333},{"id":31290,"name":"Mareil-Marly","slug":"mareil-marly","department_code":"78","zip_code":"78750","gps_lat":48.87999222222222,"gps_lng":2.07550222222222},{"id":31291,"name":"Mareil-sur-Mauldre","slug":"mareil-sur-mauldre","department_code":"78","zip_code":"78124","gps_lat":48.89070405940594,"gps_lng":1.8731394059405901},{"id":31292,"name":"Marly-le-Roi","slug":"marly-le-roi","department_code":"78","zip_code":"78160","gps_lat":48.86901045454544,"gps_lng":2.09212943181818},{"id":31293,"name":"Maule","slug":"maule","department_code":"78","zip_code":"78580","gps_lat":48.91054130000001,"gps_lng":1.8478401},{"id":31294,"name":"Maulette","slug":"maulette","department_code":"78","zip_code":"78550","gps_lat":48.78437209302329,"gps_lng":1.61609325581395},{"id":31295,"name":"Maurecourt","slug":"maurecourt","department_code":"78","zip_code":"78780","gps_lat":48.99741480769229,"gps_lng":2.05216576923077},{"id":31296,"name":"Maurepas","slug":"maurepas","department_code":"78","zip_code":"78310","gps_lat":48.77251333333335,"gps_lng":1.9312607142857101},{"id":31297,"name":"Médan","slug":"medan","department_code":"78","zip_code":"78670","gps_lat":48.95334970149254,"gps_lng":1.98706656716418},{"id":31298,"name":"Ménerville","slug":"menerville","department_code":"78","zip_code":"78200","gps_lat":48.95698311111111,"gps_lng":1.59643866666667},{"id":31299,"name":"Méré","slug":"mere","department_code":"78","zip_code":"78490","gps_lat":48.79756616279071,"gps_lng":1.82300104651163},{"id":31300,"name":"Méricourt","slug":"mericourt","department_code":"78","zip_code":"78270","gps_lat":49.036276,"gps_lng":1.62235228571429},{"id":31301,"name":"Le Mesnil-le-Roi","slug":"le-mesnil-le-roi","department_code":"78","zip_code":"78600","gps_lat":48.92728277777777,"gps_lng":2.11903592592593},{"id":31302,"name":"Le Mesnil-Saint-Denis","slug":"le-mesnil-saint-denis","department_code":"78","zip_code":"78320","gps_lat":48.74025620689654,"gps_lng":1.96305462068965},{"id":31303,"name":"Les Mesnuls","slug":"les-mesnuls","department_code":"78","zip_code":"78490","gps_lat":48.75546686567163,"gps_lng":1.83558253731343},{"id":31304,"name":"Meulan-en-Yvelines","slug":"meulan-en-yvelines","department_code":"78","zip_code":"78250","gps_lat":49.0072311764706,"gps_lng":1.90998607843137},{"id":31305,"name":"Mézières-sur-Seine","slug":"mezieres-sur-seine","department_code":"78","zip_code":"78970","gps_lat":48.94949460674157,"gps_lng":1.78001483146067},{"id":31306,"name":"Mézy-sur-Seine","slug":"mezy-sur-seine","department_code":"78","zip_code":"78250","gps_lat":49.002535,"gps_lng":1.8696637878787898},{"id":31307,"name":"Millemont","slug":"millemont","department_code":"78","zip_code":"78940","gps_lat":48.80930942857143,"gps_lng":1.726944},{"id":31308,"name":"Milon-la-Chapelle","slug":"milon-la-chapelle","department_code":"78","zip_code":"78470","gps_lat":48.7279936923077,"gps_lng":2.04409669230769},{"id":31309,"name":"Mittainville","slug":"mittainville","department_code":"78","zip_code":"78125","gps_lat":48.66434011494253,"gps_lng":1.6318578160919501},{"id":31310,"name":"Moisson","slug":"moisson","department_code":"78","zip_code":"78840","gps_lat":49.07022142857146,"gps_lng":1.66931551020408},{"id":31311,"name":"Mondreville","slug":"mondreville","department_code":"78","zip_code":"78980","gps_lat":48.90266714285714,"gps_lng":1.55462242857143},{"id":31312,"name":"Montainville","slug":"montainville","department_code":"78","zip_code":"78124","gps_lat":48.87923077922079,"gps_lng":1.86034974025974},{"id":31313,"name":"Montalet-le-Bois","slug":"montalet-le-bois","department_code":"78","zip_code":"78440","gps_lat":49.04530657142857,"gps_lng":1.8285017142857098},{"id":31314,"name":"Montchauvet","slug":"montchauvet","department_code":"78","zip_code":"78790","gps_lat":48.89236493243242,"gps_lng":1.62946567567568},{"id":31315,"name":"Montesson","slug":"montesson","department_code":"78","zip_code":"78360","gps_lat":48.91210265306121,"gps_lng":2.14510367346939},{"id":31316,"name":"Montfort-l'Amaury","slug":"montfort-l-amaury","department_code":"78","zip_code":"78490","gps_lat":48.77186108695651,"gps_lng":1.81622869565217},{"id":31317,"name":"Montigny-le-Bretonneux","slug":"montigny-le-bretonneux","department_code":"78","zip_code":"78180","gps_lat":48.77569290000001,"gps_lng":2.0284116},{"id":31318,"name":"Morainvilliers","slug":"morainvilliers","department_code":"78","zip_code":"78630","gps_lat":48.93201999999999,"gps_lng":1.94749900900901},{"id":31319,"name":"Mousseaux-sur-Seine","slug":"mousseaux-sur-seine","department_code":"78","zip_code":"78270","gps_lat":49.04726896551725,"gps_lng":1.65420551724138},{"id":31320,"name":"Mulcent","slug":"mulcent","department_code":"78","zip_code":"78790","gps_lat":48.880236,"gps_lng":1.6498352},{"id":31321,"name":"Les Mureaux","slug":"les-mureaux","department_code":"78","zip_code":"78130","gps_lat":48.98262483870968,"gps_lng":1.9132362903225801},{"id":31322,"name":"Neauphle-le-Château","slug":"neauphle-le-chateau","department_code":"78","zip_code":"78640","gps_lat":48.81112976744187,"gps_lng":1.90327697674419},{"id":31323,"name":"Neauphle-le-Vieux","slug":"neauphle-le-vieux","department_code":"78","zip_code":"78640","gps_lat":48.81590016,"gps_lng":1.86145336},{"id":31324,"name":"Neauphlette","slug":"neauphlette","department_code":"78","zip_code":"78980","gps_lat":48.93530860000003,"gps_lng":1.5411888999999999},{"id":31325,"name":"Nézel","slug":"nezel","department_code":"78","zip_code":"78410","gps_lat":48.94219410714284,"gps_lng":1.83873607142857},{"id":31326,"name":"Noisy-le-Roi","slug":"noisy-le-roi","department_code":"78","zip_code":"78590","gps_lat":48.84277874999999,"gps_lng":2.054449375},{"id":31327,"name":"Oinville-sur-Montcient","slug":"oinville-sur-montcient","department_code":"78","zip_code":"78250","gps_lat":49.02375960784314,"gps_lng":1.8473231372549002},{"id":31328,"name":"Orcemont","slug":"orcemont","department_code":"78","zip_code":"78125","gps_lat":48.5973683962264,"gps_lng":1.80617641509434},{"id":31329,"name":"Orgerus","slug":"orgerus","department_code":"78","zip_code":"78910","gps_lat":48.83682853146851,"gps_lng":1.69862629370629},{"id":31330,"name":"Orgeval","slug":"orgeval","department_code":"78","zip_code":"78630","gps_lat":48.92016764705883,"gps_lng":1.9669958823529399},{"id":31331,"name":"Orphin","slug":"orphin","department_code":"78","zip_code":"78125","gps_lat":48.57873282828283,"gps_lng":1.78543616161616},{"id":31332,"name":"Orsonville","slug":"orsonville","department_code":"78","zip_code":"78660","gps_lat":48.47682950819671,"gps_lng":1.82400573770492},{"id":31333,"name":"Orvilliers","slug":"orvilliers","department_code":"78","zip_code":"78910","gps_lat":48.855343676470596,"gps_lng":1.6436389705882402},{"id":31334,"name":"Osmoy","slug":"osmoy","department_code":"78","zip_code":"78910","gps_lat":48.86458941176472,"gps_lng":1.71980235294118},{"id":31335,"name":"Paray-Douaville","slug":"paray-douaville","department_code":"78","zip_code":"78660","gps_lat":48.45754070175439,"gps_lng":1.86086929824561},{"id":31336,"name":"Le Pecq","slug":"le-pecq","department_code":"78","zip_code":"78230","gps_lat":48.8923847761194,"gps_lng":2.1022552238806},{"id":31337,"name":"Perdreauville","slug":"perdreauville","department_code":"78","zip_code":"78200","gps_lat":48.97210968253967,"gps_lng":1.61422912698413},{"id":31338,"name":"Le Perray-en-Yvelines","slug":"le-perray-en-yvelines","department_code":"78","zip_code":"78610","gps_lat":48.69177939999999,"gps_lng":1.8431076},{"id":31339,"name":"Plaisir","slug":"plaisir","department_code":"78","zip_code":"78370","gps_lat":48.8107359813084,"gps_lng":1.95189962616822},{"id":31340,"name":"Poigny-la-Forêt","slug":"poigny-la-foret","department_code":"78","zip_code":"78125","gps_lat":48.6773659493671,"gps_lng":1.7606929113924},{"id":31341,"name":"Poissy","slug":"poissy","department_code":"78","zip_code":"78300","gps_lat":48.92316525925926,"gps_lng":2.027114},{"id":31342,"name":"Ponthévrard","slug":"ponthevrard","department_code":"78","zip_code":"78730","gps_lat":48.54868380952383,"gps_lng":1.91212825396825},{"id":31343,"name":"Porcheville","slug":"porcheville","department_code":"78","zip_code":"78440","gps_lat":48.97429575,"gps_lng":1.766519},{"id":31344,"name":"Le Port-Marly","slug":"le-port-marly","department_code":"78","zip_code":"78560","gps_lat":48.87867333333333,"gps_lng":2.10786566666667},{"id":31345,"name":"Port-Villez","slug":"port-villez","department_code":"78","zip_code":"78270","gps_lat":49.06967706666669,"gps_lng":1.51344213333333},{"id":31346,"name":"Prunay-le-Temple","slug":"prunay-le-temple","department_code":"78","zip_code":"78910","gps_lat":48.86024619047618,"gps_lng":1.67261666666667},{"id":31347,"name":"Prunay-en-Yvelines","slug":"prunay-en-yvelines","department_code":"78","zip_code":"78660","gps_lat":48.52177761061947,"gps_lng":1.80807584070797},{"id":31348,"name":"La Queue-les-Yvelines","slug":"la-queue-les-yvelines","department_code":"78","zip_code":"78940","gps_lat":48.80352376623378,"gps_lng":1.77101675324675},{"id":31349,"name":"Raizeux","slug":"raizeux","department_code":"78","zip_code":"78125","gps_lat":48.6342006329114,"gps_lng":1.68474873417722},{"id":31350,"name":"Rambouillet","slug":"rambouillet","department_code":"78","zip_code":"78120","gps_lat":48.65014738805969,"gps_lng":1.8355123880597},{"id":31351,"name":"Rennemoulin","slug":"rennemoulin","department_code":"78","zip_code":"78590","gps_lat":48.83426611111112,"gps_lng":2.04308194444444},{"id":31352,"name":"Richebourg","slug":"richebourg","department_code":"78","zip_code":"78550","gps_lat":48.82612635416667,"gps_lng":1.6354437499999999},{"id":31353,"name":"Rochefort-en-Yvelines","slug":"rochefort-en-yvelines","department_code":"78","zip_code":"78730","gps_lat":48.59550173228348,"gps_lng":1.98951440944882},{"id":31354,"name":"Rocquencourt","slug":"rocquencourt","department_code":"78","zip_code":"78150","gps_lat":48.83433097560975,"gps_lng":2.10870487804878},{"id":31355,"name":"Rolleboise","slug":"rolleboise","department_code":"78","zip_code":"78270","gps_lat":49.0192802173913,"gps_lng":1.59940456521739},{"id":31356,"name":"Rosay","slug":"rosay","department_code":"78","zip_code":"78790","gps_lat":48.91236765432098,"gps_lng":1.68373666666667},{"id":31357,"name":"Rosny-sur-Seine","slug":"rosny-sur-seine","department_code":"78","zip_code":"78710","gps_lat":48.99732076271187,"gps_lng":1.59875661016949},{"id":31358,"name":"Sailly","slug":"sailly","department_code":"78","zip_code":"78440","gps_lat":49.04495655172413,"gps_lng":1.79690206896552},{"id":31359,"name":"Saint-Arnoult-en-Yvelines","slug":"saint-arnoult-en-yvelines","department_code":"78","zip_code":"78730","gps_lat":48.572828503937004,"gps_lng":1.93433614173228},{"id":31360,"name":"Saint-Cyr-l'École","slug":"saint-cyr-l-ecole","department_code":"78","zip_code":"78210","gps_lat":48.80859829268294,"gps_lng":2.06584219512195},{"id":31361,"name":"Saint-Forget","slug":"saint-forget","department_code":"78","zip_code":"78720","gps_lat":48.71389708333334,"gps_lng":1.99478666666667},{"id":31362,"name":"Saint-Germain-de-la-Grange","slug":"saint-germain-de-la-grange","department_code":"78","zip_code":"78640","gps_lat":48.83524171052633,"gps_lng":1.90434907894737},{"id":31363,"name":"Saint-Germain-en-Laye","slug":"saint-germain-en-laye","department_code":"78","zip_code":"78100","gps_lat":48.92747713483146,"gps_lng":2.0932128651685398},{"id":31364,"name":"Saint-Hilarion","slug":"saint-hilarion","department_code":"78","zip_code":"78125","gps_lat":48.61935789915967,"gps_lng":1.7155281512605},{"id":31365,"name":"Saint-Illiers-la-Ville","slug":"saint-illiers-la-ville","department_code":"78","zip_code":"78980","gps_lat":48.97955540983608,"gps_lng":1.54646868852459},{"id":31366,"name":"Saint-Illiers-le-Bois","slug":"saint-illiers-le-bois","department_code":"78","zip_code":"78980","gps_lat":48.96175,"gps_lng":1.5093594000000001},{"id":31367,"name":"Saint-Lambert","slug":"saint-lambert","department_code":"78","zip_code":"78470","gps_lat":48.73292999999998,"gps_lng":2.01199947368421},{"id":31368,"name":"Saint-Léger-en-Yvelines","slug":"saint-leger-en-yvelines","department_code":"78","zip_code":"78610","gps_lat":48.74068272727275,"gps_lng":1.7764946590909099},{"id":31369,"name":"Saint-Martin-de-Bréthencourt","slug":"saint-martin-de-brethencourt","department_code":"78","zip_code":"78660","gps_lat":48.51677598214285,"gps_lng":1.925223125},{"id":31370,"name":"Saint-Martin-des-Champs","slug":"saint-martin-des-champs","department_code":"78","zip_code":"78790","gps_lat":48.87471015151515,"gps_lng":1.71597515151515},{"id":31371,"name":"Saint-Martin-la-Garenne","slug":"saint-martin-la-garenne","department_code":"78","zip_code":"78520","gps_lat":49.0333258095238,"gps_lng":1.67452361904762},{"id":31372,"name":"Sainte-Mesme","slug":"sainte-mesme","department_code":"78","zip_code":"78730","gps_lat":48.53625696202533,"gps_lng":1.9465373417721499},{"id":31373,"name":"Saint-Nom-la-Bretèche","slug":"saint-nom-la-breteche","department_code":"78","zip_code":"78860","gps_lat":48.85870253968254,"gps_lng":2.01602904761905},{"id":31374,"name":"Saint-Rémy-lès-Chevreuse","slug":"saint-remy-les-chevreuse","department_code":"78","zip_code":"78470","gps_lat":48.70220134615386,"gps_lng":2.07555365384616},{"id":31375,"name":"Saint-Rémy-l'Honoré","slug":"saint-remy-l-honore","department_code":"78","zip_code":"78690","gps_lat":48.75225216666669,"gps_lng":1.878101},{"id":31376,"name":"Sartrouville","slug":"sartrouville","department_code":"78","zip_code":"78500","gps_lat":48.93831741935482,"gps_lng":2.18091016129032},{"id":31377,"name":"Saulx-Marchais","slug":"saulx-marchais","department_code":"78","zip_code":"78650","gps_lat":48.84383375000001,"gps_lng":1.8352300000000001},{"id":31378,"name":"Senlisse","slug":"senlisse","department_code":"78","zip_code":"78720","gps_lat":48.68231173076921,"gps_lng":1.9733987499999999},{"id":31379,"name":"Septeuil","slug":"septeuil","department_code":"78","zip_code":"78790","gps_lat":48.88924709999999,"gps_lng":1.679007},{"id":31380,"name":"Soindres","slug":"soindres","department_code":"78","zip_code":"78200","gps_lat":48.95304828571428,"gps_lng":1.66978328571429},{"id":31381,"name":"Sonchamp","slug":"sonchamp","department_code":"78","zip_code":"78120","gps_lat":48.58501705128207,"gps_lng":1.87399570512821},{"id":31382,"name":"Tacoignières","slug":"tacoignieres","department_code":"78","zip_code":"78910","gps_lat":48.83135044444445,"gps_lng":1.6645284444444401},{"id":31383,"name":"Le Tartre-Gaudran","slug":"le-tartre-gaudran","department_code":"78","zip_code":"78113","gps_lat":48.69770740740741,"gps_lng":1.60572333333333},{"id":31384,"name":"Le Tertre-Saint-Denis","slug":"le-tertre-saint-denis","department_code":"78","zip_code":"78980","gps_lat":48.94408055555557,"gps_lng":1.6089658333333299},{"id":31385,"name":"Tessancourt-sur-Aubette","slug":"tessancourt-sur-aubette","department_code":"78","zip_code":"78250","gps_lat":49.02213,"gps_lng":1.92112847826087},{"id":31386,"name":"Thiverval-Grignon","slug":"thiverval-grignon","department_code":"78","zip_code":"78850","gps_lat":48.84167487394961,"gps_lng":1.9288083193277301},{"id":31387,"name":"Thoiry","slug":"thoiry","department_code":"78","zip_code":"78770","gps_lat":48.86886696428569,"gps_lng":1.79913464285714},{"id":31388,"name":"Tilly","slug":"tilly","department_code":"78","zip_code":"78790","gps_lat":48.87967270588234,"gps_lng":1.5704707058823502},{"id":31389,"name":"Toussus-le-Noble","slug":"toussus-le-noble","department_code":"78","zip_code":"78117","gps_lat":48.74636775862069,"gps_lng":2.11659672413793},{"id":31390,"name":"Trappes","slug":"trappes","department_code":"78","zip_code":"78190","gps_lat":48.77304956521739,"gps_lng":1.9908103260869598},{"id":31391,"name":"Le Tremblay-sur-Mauldre","slug":"le-tremblay-sur-mauldre","department_code":"78","zip_code":"78490","gps_lat":48.77992323076923,"gps_lng":1.8783203076923098},{"id":31392,"name":"Triel-sur-Seine","slug":"triel-sur-seine","department_code":"78","zip_code":"78510","gps_lat":48.97804088495575,"gps_lng":2.00903628318584},{"id":31393,"name":"Vaux-sur-Seine","slug":"vaux-sur-seine","department_code":"78","zip_code":"78740","gps_lat":49.01075712328768,"gps_lng":1.96721260273973},{"id":31394,"name":"Vélizy-Villacoublay","slug":"velizy-villacoublay","department_code":"78","zip_code":"78140","gps_lat":48.78307144927538,"gps_lng":2.20120739130435},{"id":31395,"name":"Verneuil-sur-Seine","slug":"verneuil-sur-seine","department_code":"78","zip_code":"78480","gps_lat":48.98127825000002,"gps_lng":1.9659305},{"id":31396,"name":"Vernouillet","slug":"vernouillet","department_code":"78","zip_code":"78540","gps_lat":48.9655,"gps_lng":1.97599},{"id":31397,"name":"La Verrière","slug":"la-verriere","department_code":"78","zip_code":"78320","gps_lat":48.75430265306122,"gps_lng":1.9549183673469401},{"id":31398,"name":"Versailles","slug":"versailles","department_code":"78","zip_code":"78000","gps_lat":48.8019453719008,"gps_lng":2.13053859504132},{"id":31399,"name":"Vert","slug":"vert","department_code":"78","zip_code":"78930","gps_lat":48.93929627906978,"gps_lng":1.68563348837209},{"id":31400,"name":"Le Vésinet","slug":"le-vesinet","department_code":"78","zip_code":"78110","gps_lat":48.8954081818182,"gps_lng":2.12904181818182},{"id":31401,"name":"Vicq","slug":"vicq","department_code":"78","zip_code":"78490","gps_lat":48.81844014084506,"gps_lng":1.8280626760563399},{"id":31402,"name":"Vieille-Église-en-Yvelines","slug":"vieille-eglise-en-yvelines","department_code":"78","zip_code":"78125","gps_lat":48.66913724637683,"gps_lng":1.87586057971015},{"id":31403,"name":"La Villeneuve-en-Chevrie","slug":"la-villeneuve-en-chevrie","department_code":"78","zip_code":"78270","gps_lat":49.01316821138212,"gps_lng":1.5378956097561},{"id":31404,"name":"Villennes-sur-Seine","slug":"villennes-sur-seine","department_code":"78","zip_code":"78670","gps_lat":48.93827814285716,"gps_lng":1.99654685714286},{"id":31405,"name":"Villepreux","slug":"villepreux","department_code":"78","zip_code":"78450","gps_lat":48.83109933333335,"gps_lng":2.01681573333333},{"id":31406,"name":"Villette","slug":"villette","department_code":"78","zip_code":"78930","gps_lat":48.926232278481,"gps_lng":1.6945398734177202},{"id":31407,"name":"Villiers-le-Mahieu","slug":"villiers-le-mahieu","department_code":"78","zip_code":"78770","gps_lat":48.85524544303798,"gps_lng":1.77159316455696},{"id":31408,"name":"Villiers-Saint-Frédéric","slug":"villiers-saint-frederic","department_code":"78","zip_code":"78640","gps_lat":48.81972162790699,"gps_lng":1.87950558139535},{"id":31409,"name":"Viroflay","slug":"viroflay","department_code":"78","zip_code":"78220","gps_lat":48.80202438596492,"gps_lng":2.17013684210526},{"id":31410,"name":"Voisins-le-Bretonneux","slug":"voisins-le-bretonneux","department_code":"78","zip_code":"78960","gps_lat":48.75841355932204,"gps_lng":2.04384}]},"city":{"id":31238,"name":"Fontenay-Mauvoisin","slug":"fontenay-mauvoisin","department_code":"78","zip_code":"78200","gps_lat":48.95948735294117,"gps_lng":1.6462517647058799},"SITE_NAME":"DSTR 3D"},"__N_SSG":true}